X.ASV.ID	AMF_family  	
ASV_5414	Acaulosporaceae	
ASV_5740	Acaulosporaceae	
ASV_6893	Acaulosporaceae	
ASV_7354	Acaulosporaceae	
ASV_7957	Acaulosporaceae	
ASV_10760	Acaulosporaceae	
ASV_21513	Acaulosporaceae	
ASV_26171	Acaulosporaceae	
ASV_29439	Acaulosporaceae	
ASV_31013	Acaulosporaceae	
ASV_43206	Acaulosporaceae	
ASV_46332	Acaulosporaceae	
ASV_49823	Acaulosporaceae	
ASV_57817	Acaulosporaceae	
ASV_58638	Acaulosporaceae	
ASV_58734	Acaulosporaceae	
ASV_61921	Acaulosporaceae	
ASV_854	Ambisporaceae	
ASV_2260	Ambisporaceae	
ASV_2738	Ambisporaceae	
ASV_3113	Ambisporaceae	
ASV_4252	Ambisporaceae	
ASV_5053	Ambisporaceae	
ASV_5100	Ambisporaceae	
ASV_7146	Ambisporaceae	
ASV_9479	Ambisporaceae	
ASV_11861	Ambisporaceae	
ASV_13119	Ambisporaceae	
ASV_19140	Ambisporaceae	
ASV_30805	Ambisporaceae	
ASV_57483	Ambisporaceae	
ASV_774	Claroideoglomeraceae	
ASV_851	Claroideoglomeraceae	
ASV_1080	Claroideoglomeraceae	
ASV_1183	Claroideoglomeraceae	
ASV_3223	Claroideoglomeraceae	
ASV_3240	Claroideoglomeraceae	
ASV_3372	Claroideoglomeraceae	
ASV_3948	Claroideoglomeraceae	
ASV_4176	Claroideoglomeraceae	
ASV_5175	Claroideoglomeraceae	
ASV_5532	Claroideoglomeraceae	
ASV_5533	Claroideoglomeraceae	
ASV_5566	Claroideoglomeraceae	
ASV_5747	Claroideoglomeraceae	
ASV_6577	Claroideoglomeraceae	
ASV_6784	Claroideoglomeraceae	
ASV_6971	Claroideoglomeraceae	
ASV_7048	Claroideoglomeraceae	
ASV_7799	Claroideoglomeraceae	
ASV_8222	Claroideoglomeraceae	
ASV_8757	Claroideoglomeraceae	
ASV_9482	Claroideoglomeraceae	
ASV_10785	Claroideoglomeraceae	
ASV_11070	Claroideoglomeraceae	
ASV_11085	Claroideoglomeraceae	
ASV_11145	Claroideoglomeraceae	
ASV_11285	Claroideoglomeraceae	
ASV_11483	Claroideoglomeraceae	
ASV_11803	Claroideoglomeraceae	
ASV_11982	Claroideoglomeraceae	
ASV_12007	Claroideoglomeraceae	
ASV_12018	Claroideoglomeraceae	
ASV_12482	Claroideoglomeraceae	
ASV_12708	Claroideoglomeraceae	
ASV_12879	Claroideoglomeraceae	
ASV_13010	Claroideoglomeraceae	
ASV_13058	Claroideoglomeraceae	
ASV_13533	Claroideoglomeraceae	
ASV_14105	Claroideoglomeraceae	
ASV_14147	Claroideoglomeraceae	
ASV_14734	Claroideoglomeraceae	
ASV_14921	Claroideoglomeraceae	
ASV_14924	Claroideoglomeraceae	
ASV_15196	Claroideoglomeraceae	
ASV_15439	Claroideoglomeraceae	
ASV_15671	Claroideoglomeraceae	
ASV_16366	Claroideoglomeraceae	
ASV_16531	Claroideoglomeraceae	
ASV_16799	Claroideoglomeraceae	
ASV_16807	Claroideoglomeraceae	
ASV_16912	Claroideoglomeraceae	
ASV_17179	Claroideoglomeraceae	
ASV_17331	Claroideoglomeraceae	
ASV_17340	Claroideoglomeraceae	
ASV_17393	Claroideoglomeraceae	
ASV_17473	Claroideoglomeraceae	
ASV_18521	Claroideoglomeraceae	
ASV_19551	Claroideoglomeraceae	
ASV_19967	Claroideoglomeraceae	
ASV_20025	Claroideoglomeraceae	
ASV_20318	Claroideoglomeraceae	
ASV_20601	Claroideoglomeraceae	
ASV_20686	Claroideoglomeraceae	
ASV_20874	Claroideoglomeraceae	
ASV_20911	Claroideoglomeraceae	
ASV_21087	Claroideoglomeraceae	
ASV_21132	Claroideoglomeraceae	
ASV_22852	Claroideoglomeraceae	
ASV_23512	Claroideoglomeraceae	
ASV_23515	Claroideoglomeraceae	
ASV_23548	Claroideoglomeraceae	
ASV_23604	Claroideoglomeraceae	
ASV_23773	Claroideoglomeraceae	
ASV_24457	Claroideoglomeraceae	
ASV_24818	Claroideoglomeraceae	
ASV_24995	Claroideoglomeraceae	
ASV_25149	Claroideoglomeraceae	
ASV_25678	Claroideoglomeraceae	
ASV_25679	Claroideoglomeraceae	
ASV_26448	Claroideoglomeraceae	
ASV_26492	Claroideoglomeraceae	
ASV_26732	Claroideoglomeraceae	
ASV_27165	Claroideoglomeraceae	
ASV_28064	Claroideoglomeraceae	
ASV_28205	Claroideoglomeraceae	
ASV_28491	Claroideoglomeraceae	
ASV_29118	Claroideoglomeraceae	
ASV_29123	Claroideoglomeraceae	
ASV_29519	Claroideoglomeraceae	
ASV_29766	Claroideoglomeraceae	
ASV_29868	Claroideoglomeraceae	
ASV_30298	Claroideoglomeraceae	
ASV_31255	Claroideoglomeraceae	
ASV_31738	Claroideoglomeraceae	
ASV_32272	Claroideoglomeraceae	
ASV_32525	Claroideoglomeraceae	
ASV_32762	Claroideoglomeraceae	
ASV_32803	Claroideoglomeraceae	
ASV_33036	Claroideoglomeraceae	
ASV_33303	Claroideoglomeraceae	
ASV_34108	Claroideoglomeraceae	
ASV_34317	Claroideoglomeraceae	
ASV_34705	Claroideoglomeraceae	
ASV_35203	Claroideoglomeraceae	
ASV_35334	Claroideoglomeraceae	
ASV_35783	Claroideoglomeraceae	
ASV_36172	Claroideoglomeraceae	
ASV_36335	Claroideoglomeraceae	
ASV_36366	Claroideoglomeraceae	
ASV_36420	Claroideoglomeraceae	
ASV_36924	Claroideoglomeraceae	
ASV_37011	Claroideoglomeraceae	
ASV_37013	Claroideoglomeraceae	
ASV_38307	Claroideoglomeraceae	
ASV_38308	Claroideoglomeraceae	
ASV_38309	Claroideoglomeraceae	
ASV_38397	Claroideoglomeraceae	
ASV_38601	Claroideoglomeraceae	
ASV_38651	Claroideoglomeraceae	
ASV_38712	Claroideoglomeraceae	
ASV_38850	Claroideoglomeraceae	
ASV_38907	Claroideoglomeraceae	
ASV_39869	Claroideoglomeraceae	
ASV_40737	Claroideoglomeraceae	
ASV_40786	Claroideoglomeraceae	
ASV_40906	Claroideoglomeraceae	
ASV_41125	Claroideoglomeraceae	
ASV_41399	Claroideoglomeraceae	
ASV_41499	Claroideoglomeraceae	
ASV_42096	Claroideoglomeraceae	
ASV_42191	Claroideoglomeraceae	
ASV_42957	Claroideoglomeraceae	
ASV_43034	Claroideoglomeraceae	
ASV_43377	Claroideoglomeraceae	
ASV_44248	Claroideoglomeraceae	
ASV_44364	Claroideoglomeraceae	
ASV_44915	Claroideoglomeraceae	
ASV_45030	Claroideoglomeraceae	
ASV_45270	Claroideoglomeraceae	
ASV_45372	Claroideoglomeraceae	
ASV_46334	Claroideoglomeraceae	
ASV_46480	Claroideoglomeraceae	
ASV_46501	Claroideoglomeraceae	
ASV_46540	Claroideoglomeraceae	
ASV_46662	Claroideoglomeraceae	
ASV_46672	Claroideoglomeraceae	
ASV_46971	Claroideoglomeraceae	
ASV_48638	Claroideoglomeraceae	
ASV_49170	Claroideoglomeraceae	
ASV_50017	Claroideoglomeraceae	
ASV_50192	Claroideoglomeraceae	
ASV_50206	Claroideoglomeraceae	
ASV_50343	Claroideoglomeraceae	
ASV_50641	Claroideoglomeraceae	
ASV_50645	Claroideoglomeraceae	
ASV_50672	Claroideoglomeraceae	
ASV_51100	Claroideoglomeraceae	
ASV_52308	Claroideoglomeraceae	
ASV_52315	Claroideoglomeraceae	
ASV_52873	Claroideoglomeraceae	
ASV_53854	Claroideoglomeraceae	
ASV_54061	Claroideoglomeraceae	
ASV_54199	Claroideoglomeraceae	
ASV_54411	Claroideoglomeraceae	
ASV_54413	Claroideoglomeraceae	
ASV_54416	Claroideoglomeraceae	
ASV_54419	Claroideoglomeraceae	
ASV_54426	Claroideoglomeraceae	
ASV_54433	Claroideoglomeraceae	
ASV_54979	Claroideoglomeraceae	
ASV_55154	Claroideoglomeraceae	
ASV_55203	Claroideoglomeraceae	
ASV_55366	Claroideoglomeraceae	
ASV_55367	Claroideoglomeraceae	
ASV_55568	Claroideoglomeraceae	
ASV_55755	Claroideoglomeraceae	
ASV_55759	Claroideoglomeraceae	
ASV_55773	Claroideoglomeraceae	
ASV_56802	Claroideoglomeraceae	
ASV_56956	Claroideoglomeraceae	
ASV_57193	Claroideoglomeraceae	
ASV_58424	Claroideoglomeraceae	
ASV_58969	Claroideoglomeraceae	
ASV_59271	Claroideoglomeraceae	
ASV_59342	Claroideoglomeraceae	
ASV_60123	Claroideoglomeraceae	
ASV_60743	Claroideoglomeraceae	
ASV_60786	Claroideoglomeraceae	
ASV_61035	Claroideoglomeraceae	
ASV_61042	Claroideoglomeraceae	
ASV_61051	Claroideoglomeraceae	
ASV_61512	Claroideoglomeraceae	
ASV_62373	Claroideoglomeraceae	
ASV_2074	Diversisporaceae	
ASV_2653	Diversisporaceae	
ASV_3847	Diversisporaceae	
ASV_4385	Diversisporaceae	
ASV_6041	Diversisporaceae	
ASV_6586	Diversisporaceae	
ASV_7431	Diversisporaceae	
ASV_7555	Diversisporaceae	
ASV_7777	Diversisporaceae	
ASV_7798	Diversisporaceae	
ASV_7937	Diversisporaceae	
ASV_8954	Diversisporaceae	
ASV_10270	Diversisporaceae	
ASV_10638	Diversisporaceae	
ASV_11292	Diversisporaceae	
ASV_13645	Diversisporaceae	
ASV_15754	Diversisporaceae	
ASV_15948	Diversisporaceae	
ASV_16190	Diversisporaceae	
ASV_16650	Diversisporaceae	
ASV_17643	Diversisporaceae	
ASV_18397	Diversisporaceae	
ASV_18888	Diversisporaceae	
ASV_19282	Diversisporaceae	
ASV_19358	Diversisporaceae	
ASV_20030	Diversisporaceae	
ASV_20091	Diversisporaceae	
ASV_20786	Diversisporaceae	
ASV_21068	Diversisporaceae	
ASV_22009	Diversisporaceae	
ASV_22238	Diversisporaceae	
ASV_22555	Diversisporaceae	
ASV_22979	Diversisporaceae	
ASV_25037	Diversisporaceae	
ASV_27323	Diversisporaceae	
ASV_27325	Diversisporaceae	
ASV_27328	Diversisporaceae	
ASV_27329	Diversisporaceae	
ASV_29266	Diversisporaceae	
ASV_31966	Diversisporaceae	
ASV_32598	Diversisporaceae	
ASV_34263	Diversisporaceae	
ASV_34967	Diversisporaceae	
ASV_35469	Diversisporaceae	
ASV_36938	Diversisporaceae	
ASV_36992	Diversisporaceae	
ASV_37964	Diversisporaceae	
ASV_39507	Diversisporaceae	
ASV_39838	Diversisporaceae	
ASV_40791	Diversisporaceae	
ASV_41087	Diversisporaceae	
ASV_44005	Diversisporaceae	
ASV_44754	Diversisporaceae	
ASV_44901	Diversisporaceae	
ASV_45843	Diversisporaceae	
ASV_46146	Diversisporaceae	
ASV_46316	Diversisporaceae	
ASV_48733	Diversisporaceae	
ASV_49881	Diversisporaceae	
ASV_49884	Diversisporaceae	
ASV_49931	Diversisporaceae	
ASV_50182	Diversisporaceae	
ASV_50193	Diversisporaceae	
ASV_50356	Diversisporaceae	
ASV_52387	Diversisporaceae	
ASV_54553	Diversisporaceae	
ASV_54878	Diversisporaceae	
ASV_56373	Diversisporaceae	
ASV_56991	Diversisporaceae	
ASV_57121	Diversisporaceae	
ASV_58000	Diversisporaceae	
ASV_58142	Diversisporaceae	
ASV_59488	Diversisporaceae	
ASV_59876	Diversisporaceae	
ASV_551	Gigasporaceae	
ASV_3682	Gigasporaceae	
ASV_5000	Gigasporaceae	
ASV_6374	Gigasporaceae	
ASV_6750	Gigasporaceae	
ASV_6799	Gigasporaceae	
ASV_7353	Gigasporaceae	
ASV_8425	Gigasporaceae	
ASV_8426	Gigasporaceae	
ASV_8496	Gigasporaceae	
ASV_9757	Gigasporaceae	
ASV_10117	Gigasporaceae	
ASV_10369	Gigasporaceae	
ASV_10623	Gigasporaceae	
ASV_10774	Gigasporaceae	
ASV_10832	Gigasporaceae	
ASV_11482	Gigasporaceae	
ASV_11783	Gigasporaceae	
ASV_11961	Gigasporaceae	
ASV_12146	Gigasporaceae	
ASV_12351	Gigasporaceae	
ASV_13308	Gigasporaceae	
ASV_13813	Gigasporaceae	
ASV_14583	Gigasporaceae	
ASV_15075	Gigasporaceae	
ASV_15078	Gigasporaceae	
ASV_15648	Gigasporaceae	
ASV_16334	Gigasporaceae	
ASV_17159	Gigasporaceae	
ASV_17161	Gigasporaceae	
ASV_17536	Gigasporaceae	
ASV_18748	Gigasporaceae	
ASV_18757	Gigasporaceae	
ASV_18854	Gigasporaceae	
ASV_19251	Gigasporaceae	
ASV_19786	Gigasporaceae	
ASV_20310	Gigasporaceae	
ASV_20353	Gigasporaceae	
ASV_20354	Gigasporaceae	
ASV_20909	Gigasporaceae	
ASV_22179	Gigasporaceae	
ASV_23542	Gigasporaceae	
ASV_24335	Gigasporaceae	
ASV_24349	Gigasporaceae	
ASV_25281	Gigasporaceae	
ASV_25308	Gigasporaceae	
ASV_26209	Gigasporaceae	
ASV_27224	Gigasporaceae	
ASV_27226	Gigasporaceae	
ASV_29437	Gigasporaceae	
ASV_30691	Gigasporaceae	
ASV_30860	Gigasporaceae	
ASV_34093	Gigasporaceae	
ASV_35917	Gigasporaceae	
ASV_35940	Gigasporaceae	
ASV_38077	Gigasporaceae	
ASV_38099	Gigasporaceae	
ASV_38121	Gigasporaceae	
ASV_40533	Gigasporaceae	
ASV_43204	Gigasporaceae	
ASV_46331	Gigasporaceae	
ASV_49813	Gigasporaceae	
ASV_50145	Gigasporaceae	
ASV_53979	Gigasporaceae	
ASV_60072	Gigasporaceae	
ASV_62342	Gigasporaceae	
ASV_41	Glomeraceae	
ASV_185	Glomeraceae	
ASV_191	Glomeraceae	
ASV_224	Glomeraceae	
ASV_301	Glomeraceae	
ASV_311	Glomeraceae	
ASV_337	Glomeraceae	
ASV_418	Glomeraceae	
ASV_466	Glomeraceae	
ASV_467	Glomeraceae	
ASV_475	Glomeraceae	
ASV_496	Glomeraceae	
ASV_549	Glomeraceae	
ASV_564	Glomeraceae	
ASV_602	Glomeraceae	
ASV_650	Glomeraceae	
ASV_654	Glomeraceae	
ASV_683	Glomeraceae	
ASV_686	Glomeraceae	
ASV_690	Glomeraceae	
ASV_708	Glomeraceae	
ASV_718	Glomeraceae	
ASV_727	Glomeraceae	
ASV_733	Glomeraceae	
ASV_753	Glomeraceae	
ASV_760	Glomeraceae	
ASV_770	Glomeraceae	
ASV_794	Glomeraceae	
ASV_858	Glomeraceae	
ASV_882	Glomeraceae	
ASV_1085	Glomeraceae	
ASV_1123	Glomeraceae	
ASV_1145	Glomeraceae	
ASV_1169	Glomeraceae	
ASV_1203	Glomeraceae	
ASV_1246	Glomeraceae	
ASV_1258	Glomeraceae	
ASV_1290	Glomeraceae	
ASV_1347	Glomeraceae	
ASV_1374	Glomeraceae	
ASV_1397	Glomeraceae	
ASV_1437	Glomeraceae	
ASV_1440	Glomeraceae	
ASV_1473	Glomeraceae	
ASV_1485	Glomeraceae	
ASV_1493	Glomeraceae	
ASV_1535	Glomeraceae	
ASV_1540	Glomeraceae	
ASV_1574	Glomeraceae	
ASV_1665	Glomeraceae	
ASV_1674	Glomeraceae	
ASV_1689	Glomeraceae	
ASV_1696	Glomeraceae	
ASV_1703	Glomeraceae	
ASV_1712	Glomeraceae	
ASV_1718	Glomeraceae	
ASV_1733	Glomeraceae	
ASV_1743	Glomeraceae	
ASV_1762	Glomeraceae	
ASV_1764	Glomeraceae	
ASV_1781	Glomeraceae	
ASV_1865	Glomeraceae	
ASV_1909	Glomeraceae	
ASV_1945	Glomeraceae	
ASV_1958	Glomeraceae	
ASV_1990	Glomeraceae	
ASV_2007	Glomeraceae	
ASV_2043	Glomeraceae	
ASV_2049	Glomeraceae	
ASV_2081	Glomeraceae	
ASV_2095	Glomeraceae	
ASV_2115	Glomeraceae	
ASV_2125	Glomeraceae	
ASV_2136	Glomeraceae	
ASV_2148	Glomeraceae	
ASV_2159	Glomeraceae	
ASV_2229	Glomeraceae	
ASV_2278	Glomeraceae	
ASV_2385	Glomeraceae	
ASV_2386	Glomeraceae	
ASV_2391	Glomeraceae	
ASV_2398	Glomeraceae	
ASV_2415	Glomeraceae	
ASV_2433	Glomeraceae	
ASV_2434	Glomeraceae	
ASV_2439	Glomeraceae	
ASV_2447	Glomeraceae	
ASV_2502	Glomeraceae	
ASV_2553	Glomeraceae	
ASV_2572	Glomeraceae	
ASV_2600	Glomeraceae	
ASV_2623	Glomeraceae	
ASV_2634	Glomeraceae	
ASV_2636	Glomeraceae	
ASV_2655	Glomeraceae	
ASV_2740	Glomeraceae	
ASV_2776	Glomeraceae	
ASV_2786	Glomeraceae	
ASV_2889	Glomeraceae	
ASV_2955	Glomeraceae	
ASV_2971	Glomeraceae	
ASV_3050	Glomeraceae	
ASV_3061	Glomeraceae	
ASV_3065	Glomeraceae	
ASV_3089	Glomeraceae	
ASV_3116	Glomeraceae	
ASV_3178	Glomeraceae	
ASV_3259	Glomeraceae	
ASV_3275	Glomeraceae	
ASV_3358	Glomeraceae	
ASV_3361	Glomeraceae	
ASV_3375	Glomeraceae	
ASV_3391	Glomeraceae	
ASV_3393	Glomeraceae	
ASV_3416	Glomeraceae	
ASV_3463	Glomeraceae	
ASV_3495	Glomeraceae	
ASV_3513	Glomeraceae	
ASV_3580	Glomeraceae	
ASV_3629	Glomeraceae	
ASV_3644	Glomeraceae	
ASV_3652	Glomeraceae	
ASV_3653	Glomeraceae	
ASV_3687	Glomeraceae	
ASV_3713	Glomeraceae	
ASV_3763	Glomeraceae	
ASV_3785	Glomeraceae	
ASV_3786	Glomeraceae	
ASV_3787	Glomeraceae	
ASV_3907	Glomeraceae	
ASV_3915	Glomeraceae	
ASV_3995	Glomeraceae	
ASV_4092	Glomeraceae	
ASV_4099	Glomeraceae	
ASV_4130	Glomeraceae	
ASV_4149	Glomeraceae	
ASV_4153	Glomeraceae	
ASV_4160	Glomeraceae	
ASV_4164	Glomeraceae	
ASV_4221	Glomeraceae	
ASV_4245	Glomeraceae	
ASV_4267	Glomeraceae	
ASV_4269	Glomeraceae	
ASV_4273	Glomeraceae	
ASV_4300	Glomeraceae	
ASV_4337	Glomeraceae	
ASV_4344	Glomeraceae	
ASV_4364	Glomeraceae	
ASV_4394	Glomeraceae	
ASV_4406	Glomeraceae	
ASV_4446	Glomeraceae	
ASV_4488	Glomeraceae	
ASV_4503	Glomeraceae	
ASV_4516	Glomeraceae	
ASV_4524	Glomeraceae	
ASV_4556	Glomeraceae	
ASV_4596	Glomeraceae	
ASV_4628	Glomeraceae	
ASV_4646	Glomeraceae	
ASV_4654	Glomeraceae	
ASV_4668	Glomeraceae	
ASV_4684	Glomeraceae	
ASV_4690	Glomeraceae	
ASV_4728	Glomeraceae	
ASV_4741	Glomeraceae	
ASV_4760	Glomeraceae	
ASV_4768	Glomeraceae	
ASV_4777	Glomeraceae	
ASV_4793	Glomeraceae	
ASV_4890	Glomeraceae	
ASV_4904	Glomeraceae	
ASV_4928	Glomeraceae	
ASV_4937	Glomeraceae	
ASV_4955	Glomeraceae	
ASV_4977	Glomeraceae	
ASV_4997	Glomeraceae	
ASV_5002	Glomeraceae	
ASV_5026	Glomeraceae	
ASV_5030	Glomeraceae	
ASV_5071	Glomeraceae	
ASV_5111	Glomeraceae	
ASV_5140	Glomeraceae	
ASV_5167	Glomeraceae	
ASV_5169	Glomeraceae	
ASV_5172	Glomeraceae	
ASV_5174	Glomeraceae	
ASV_5220	Glomeraceae	
ASV_5294	Glomeraceae	
ASV_5321	Glomeraceae	
ASV_5325	Glomeraceae	
ASV_5337	Glomeraceae	
ASV_5338	Glomeraceae	
ASV_5340	Glomeraceae	
ASV_5354	Glomeraceae	
ASV_5502	Glomeraceae	
ASV_5512	Glomeraceae	
ASV_5528	Glomeraceae	
ASV_5529	Glomeraceae	
ASV_5530	Glomeraceae	
ASV_5543	Glomeraceae	
ASV_5555	Glomeraceae	
ASV_5570	Glomeraceae	
ASV_5573	Glomeraceae	
ASV_5613	Glomeraceae	
ASV_5654	Glomeraceae	
ASV_5672	Glomeraceae	
ASV_5678	Glomeraceae	
ASV_5687	Glomeraceae	
ASV_5698	Glomeraceae	
ASV_5733	Glomeraceae	
ASV_5757	Glomeraceae	
ASV_5761	Glomeraceae	
ASV_5805	Glomeraceae	
ASV_5813	Glomeraceae	
ASV_5817	Glomeraceae	
ASV_5855	Glomeraceae	
ASV_5860	Glomeraceae	
ASV_5884	Glomeraceae	
ASV_5929	Glomeraceae	
ASV_5930	Glomeraceae	
ASV_5972	Glomeraceae	
ASV_5993	Glomeraceae	
ASV_5994	Glomeraceae	
ASV_6062	Glomeraceae	
ASV_6087	Glomeraceae	
ASV_6108	Glomeraceae	
ASV_6120	Glomeraceae	
ASV_6148	Glomeraceae	
ASV_6159	Glomeraceae	
ASV_6160	Glomeraceae	
ASV_6180	Glomeraceae	
ASV_6208	Glomeraceae	
ASV_6277	Glomeraceae	
ASV_6286	Glomeraceae	
ASV_6288	Glomeraceae	
ASV_6290	Glomeraceae	
ASV_6336	Glomeraceae	
ASV_6340	Glomeraceae	
ASV_6351	Glomeraceae	
ASV_6402	Glomeraceae	
ASV_6418	Glomeraceae	
ASV_6430	Glomeraceae	
ASV_6436	Glomeraceae	
ASV_6453	Glomeraceae	
ASV_6470	Glomeraceae	
ASV_6484	Glomeraceae	
ASV_6486	Glomeraceae	
ASV_6499	Glomeraceae	
ASV_6528	Glomeraceae	
ASV_6562	Glomeraceae	
ASV_6626	Glomeraceae	
ASV_6640	Glomeraceae	
ASV_6657	Glomeraceae	
ASV_6659	Glomeraceae	
ASV_6673	Glomeraceae	
ASV_6714	Glomeraceae	
ASV_6734	Glomeraceae	
ASV_6740	Glomeraceae	
ASV_6802	Glomeraceae	
ASV_6805	Glomeraceae	
ASV_6834	Glomeraceae	
ASV_6836	Glomeraceae	
ASV_6864	Glomeraceae	
ASV_6901	Glomeraceae	
ASV_6911	Glomeraceae	
ASV_6976	Glomeraceae	
ASV_6978	Glomeraceae	
ASV_6979	Glomeraceae	
ASV_7055	Glomeraceae	
ASV_7103	Glomeraceae	
ASV_7147	Glomeraceae	
ASV_7148	Glomeraceae	
ASV_7149	Glomeraceae	
ASV_7164	Glomeraceae	
ASV_7198	Glomeraceae	
ASV_7203	Glomeraceae	
ASV_7204	Glomeraceae	
ASV_7245	Glomeraceae	
ASV_7249	Glomeraceae	
ASV_7259	Glomeraceae	
ASV_7338	Glomeraceae	
ASV_7358	Glomeraceae	
ASV_7369	Glomeraceae	
ASV_7371	Glomeraceae	
ASV_7400	Glomeraceae	
ASV_7404	Glomeraceae	
ASV_7430	Glomeraceae	
ASV_7433	Glomeraceae	
ASV_7545	Glomeraceae	
ASV_7552	Glomeraceae	
ASV_7556	Glomeraceae	
ASV_7557	Glomeraceae	
ASV_7575	Glomeraceae	
ASV_7580	Glomeraceae	
ASV_7583	Glomeraceae	
ASV_7610	Glomeraceae	
ASV_7624	Glomeraceae	
ASV_7641	Glomeraceae	
ASV_7668	Glomeraceae	
ASV_7718	Glomeraceae	
ASV_7753	Glomeraceae	
ASV_7803	Glomeraceae	
ASV_7811	Glomeraceae	
ASV_7900	Glomeraceae	
ASV_7959	Glomeraceae	
ASV_8008	Glomeraceae	
ASV_8015	Glomeraceae	
ASV_8034	Glomeraceae	
ASV_8035	Glomeraceae	
ASV_8114	Glomeraceae	
ASV_8115	Glomeraceae	
ASV_8189	Glomeraceae	
ASV_8209	Glomeraceae	
ASV_8220	Glomeraceae	
ASV_8276	Glomeraceae	
ASV_8286	Glomeraceae	
ASV_8319	Glomeraceae	
ASV_8326	Glomeraceae	
ASV_8403	Glomeraceae	
ASV_8428	Glomeraceae	
ASV_8432	Glomeraceae	
ASV_8479	Glomeraceae	
ASV_8498	Glomeraceae	
ASV_8528	Glomeraceae	
ASV_8533	Glomeraceae	
ASV_8586	Glomeraceae	
ASV_8646	Glomeraceae	
ASV_8665	Glomeraceae	
ASV_8676	Glomeraceae	
ASV_8683	Glomeraceae	
ASV_8749	Glomeraceae	
ASV_8762	Glomeraceae	
ASV_8797	Glomeraceae	
ASV_8804	Glomeraceae	
ASV_8813	Glomeraceae	
ASV_8848	Glomeraceae	
ASV_8856	Glomeraceae	
ASV_8858	Glomeraceae	
ASV_8873	Glomeraceae	
ASV_8893	Glomeraceae	
ASV_8907	Glomeraceae	
ASV_8984	Glomeraceae	
ASV_9025	Glomeraceae	
ASV_9035	Glomeraceae	
ASV_9044	Glomeraceae	
ASV_9052	Glomeraceae	
ASV_9063	Glomeraceae	
ASV_9102	Glomeraceae	
ASV_9158	Glomeraceae	
ASV_9235	Glomeraceae	
ASV_9303	Glomeraceae	
ASV_9312	Glomeraceae	
ASV_9357	Glomeraceae	
ASV_9360	Glomeraceae	
ASV_9363	Glomeraceae	
ASV_9364	Glomeraceae	
ASV_9384	Glomeraceae	
ASV_9402	Glomeraceae	
ASV_9418	Glomeraceae	
ASV_9485	Glomeraceae	
ASV_9555	Glomeraceae	
ASV_9578	Glomeraceae	
ASV_9619	Glomeraceae	
ASV_9629	Glomeraceae	
ASV_9635	Glomeraceae	
ASV_9663	Glomeraceae	
ASV_9666	Glomeraceae	
ASV_9667	Glomeraceae	
ASV_9680	Glomeraceae	
ASV_9759	Glomeraceae	
ASV_9826	Glomeraceae	
ASV_9829	Glomeraceae	
ASV_9831	Glomeraceae	
ASV_9882	Glomeraceae	
ASV_9884	Glomeraceae	
ASV_9910	Glomeraceae	
ASV_9912	Glomeraceae	
ASV_10015	Glomeraceae	
ASV_10016	Glomeraceae	
ASV_10021	Glomeraceae	
ASV_10056	Glomeraceae	
ASV_10147	Glomeraceae	
ASV_10168	Glomeraceae	
ASV_10176	Glomeraceae	
ASV_10228	Glomeraceae	
ASV_10268	Glomeraceae	
ASV_10277	Glomeraceae	
ASV_10278	Glomeraceae	
ASV_10280	Glomeraceae	
ASV_10411	Glomeraceae	
ASV_10467	Glomeraceae	
ASV_10478	Glomeraceae	
ASV_10485	Glomeraceae	
ASV_10488	Glomeraceae	
ASV_10522	Glomeraceae	
ASV_10540	Glomeraceae	
ASV_10572	Glomeraceae	
ASV_10633	Glomeraceae	
ASV_10643	Glomeraceae	
ASV_10669	Glomeraceae	
ASV_10670	Glomeraceae	
ASV_10727	Glomeraceae	
ASV_10728	Glomeraceae	
ASV_10754	Glomeraceae	
ASV_10782	Glomeraceae	
ASV_10790	Glomeraceae	
ASV_10868	Glomeraceae	
ASV_10915	Glomeraceae	
ASV_10930	Glomeraceae	
ASV_10940	Glomeraceae	
ASV_10944	Glomeraceae	
ASV_10955	Glomeraceae	
ASV_10994	Glomeraceae	
ASV_11046	Glomeraceae	
ASV_11056	Glomeraceae	
ASV_11065	Glomeraceae	
ASV_11081	Glomeraceae	
ASV_11175	Glomeraceae	
ASV_11187	Glomeraceae	
ASV_11188	Glomeraceae	
ASV_11190	Glomeraceae	
ASV_11217	Glomeraceae	
ASV_11268	Glomeraceae	
ASV_11331	Glomeraceae	
ASV_11338	Glomeraceae	
ASV_11339	Glomeraceae	
ASV_11370	Glomeraceae	
ASV_11399	Glomeraceae	
ASV_11433	Glomeraceae	
ASV_11473	Glomeraceae	
ASV_11487	Glomeraceae	
ASV_11493	Glomeraceae	
ASV_11495	Glomeraceae	
ASV_11496	Glomeraceae	
ASV_11499	Glomeraceae	
ASV_11515	Glomeraceae	
ASV_11649	Glomeraceae	
ASV_11650	Glomeraceae	
ASV_11651	Glomeraceae	
ASV_11654	Glomeraceae	
ASV_11666	Glomeraceae	
ASV_11681	Glomeraceae	
ASV_11692	Glomeraceae	
ASV_11698	Glomeraceae	
ASV_11796	Glomeraceae	
ASV_11798	Glomeraceae	
ASV_11829	Glomeraceae	
ASV_11927	Glomeraceae	
ASV_11967	Glomeraceae	
ASV_11968	Glomeraceae	
ASV_11984	Glomeraceae	
ASV_12015	Glomeraceae	
ASV_12017	Glomeraceae	
ASV_12031	Glomeraceae	
ASV_12133	Glomeraceae	
ASV_12149	Glomeraceae	
ASV_12150	Glomeraceae	
ASV_12157	Glomeraceae	
ASV_12173	Glomeraceae	
ASV_12196	Glomeraceae	
ASV_12225	Glomeraceae	
ASV_12261	Glomeraceae	
ASV_12306	Glomeraceae	
ASV_12313	Glomeraceae	
ASV_12345	Glomeraceae	
ASV_12347	Glomeraceae	
ASV_12356	Glomeraceae	
ASV_12429	Glomeraceae	
ASV_12450	Glomeraceae	
ASV_12498	Glomeraceae	
ASV_12499	Glomeraceae	
ASV_12502	Glomeraceae	
ASV_12505	Glomeraceae	
ASV_12537	Glomeraceae	
ASV_12563	Glomeraceae	
ASV_12564	Glomeraceae	
ASV_12586	Glomeraceae	
ASV_12612	Glomeraceae	
ASV_12692	Glomeraceae	
ASV_12700	Glomeraceae	
ASV_12701	Glomeraceae	
ASV_12707	Glomeraceae	
ASV_12730	Glomeraceae	
ASV_12732	Glomeraceae	
ASV_12757	Glomeraceae	
ASV_12838	Glomeraceae	
ASV_12868	Glomeraceae	
ASV_12869	Glomeraceae	
ASV_12870	Glomeraceae	
ASV_12871	Glomeraceae	
ASV_12876	Glomeraceae	
ASV_12888	Glomeraceae	
ASV_12944	Glomeraceae	
ASV_13009	Glomeraceae	
ASV_13113	Glomeraceae	
ASV_13132	Glomeraceae	
ASV_13263	Glomeraceae	
ASV_13309	Glomeraceae	
ASV_13319	Glomeraceae	
ASV_13369	Glomeraceae	
ASV_13370	Glomeraceae	
ASV_13467	Glomeraceae	
ASV_13474	Glomeraceae	
ASV_13480	Glomeraceae	
ASV_13534	Glomeraceae	
ASV_13536	Glomeraceae	
ASV_13548	Glomeraceae	
ASV_13553	Glomeraceae	
ASV_13590	Glomeraceae	
ASV_13634	Glomeraceae	
ASV_13695	Glomeraceae	
ASV_13762	Glomeraceae	
ASV_13764	Glomeraceae	
ASV_13769	Glomeraceae	
ASV_13805	Glomeraceae	
ASV_13815	Glomeraceae	
ASV_13824	Glomeraceae	
ASV_13839	Glomeraceae	
ASV_13840	Glomeraceae	
ASV_13935	Glomeraceae	
ASV_13963	Glomeraceae	
ASV_13990	Glomeraceae	
ASV_13998	Glomeraceae	
ASV_14006	Glomeraceae	
ASV_14010	Glomeraceae	
ASV_14021	Glomeraceae	
ASV_14024	Glomeraceae	
ASV_14043	Glomeraceae	
ASV_14098	Glomeraceae	
ASV_14176	Glomeraceae	
ASV_14228	Glomeraceae	
ASV_14262	Glomeraceae	
ASV_14272	Glomeraceae	
ASV_14276	Glomeraceae	
ASV_14287	Glomeraceae	
ASV_14304	Glomeraceae	
ASV_14307	Glomeraceae	
ASV_14312	Glomeraceae	
ASV_14322	Glomeraceae	
ASV_14326	Glomeraceae	
ASV_14350	Glomeraceae	
ASV_14371	Glomeraceae	
ASV_14451	Glomeraceae	
ASV_14519	Glomeraceae	
ASV_14521	Glomeraceae	
ASV_14537	Glomeraceae	
ASV_14600	Glomeraceae	
ASV_14661	Glomeraceae	
ASV_14807	Glomeraceae	
ASV_14808	Glomeraceae	
ASV_14836	Glomeraceae	
ASV_14865	Glomeraceae	
ASV_14876	Glomeraceae	
ASV_14949	Glomeraceae	
ASV_15082	Glomeraceae	
ASV_15134	Glomeraceae	
ASV_15152	Glomeraceae	
ASV_15164	Glomeraceae	
ASV_15185	Glomeraceae	
ASV_15213	Glomeraceae	
ASV_15292	Glomeraceae	
ASV_15293	Glomeraceae	
ASV_15380	Glomeraceae	
ASV_15386	Glomeraceae	
ASV_15390	Glomeraceae	
ASV_15506	Glomeraceae	
ASV_15524	Glomeraceae	
ASV_15561	Glomeraceae	
ASV_15604	Glomeraceae	
ASV_15700	Glomeraceae	
ASV_15813	Glomeraceae	
ASV_15870	Glomeraceae	
ASV_15923	Glomeraceae	
ASV_15991	Glomeraceae	
ASV_16011	Glomeraceae	
ASV_16013	Glomeraceae	
ASV_16014	Glomeraceae	
ASV_16028	Glomeraceae	
ASV_16060	Glomeraceae	
ASV_16074	Glomeraceae	
ASV_16077	Glomeraceae	
ASV_16083	Glomeraceae	
ASV_16093	Glomeraceae	
ASV_16264	Glomeraceae	
ASV_16370	Glomeraceae	
ASV_16397	Glomeraceae	
ASV_16398	Glomeraceae	
ASV_16419	Glomeraceae	
ASV_16424	Glomeraceae	
ASV_16434	Glomeraceae	
ASV_16451	Glomeraceae	
ASV_16457	Glomeraceae	
ASV_16510	Glomeraceae	
ASV_16543	Glomeraceae	
ASV_16675	Glomeraceae	
ASV_16696	Glomeraceae	
ASV_16711	Glomeraceae	
ASV_16727	Glomeraceae	
ASV_16755	Glomeraceae	
ASV_16776	Glomeraceae	
ASV_16778	Glomeraceae	
ASV_16797	Glomeraceae	
ASV_16803	Glomeraceae	
ASV_16811	Glomeraceae	
ASV_16815	Glomeraceae	
ASV_16864	Glomeraceae	
ASV_16870	Glomeraceae	
ASV_16948	Glomeraceae	
ASV_17071	Glomeraceae	
ASV_17087	Glomeraceae	
ASV_17088	Glomeraceae	
ASV_17101	Glomeraceae	
ASV_17155	Glomeraceae	
ASV_17163	Glomeraceae	
ASV_17171	Glomeraceae	
ASV_17178	Glomeraceae	
ASV_17181	Glomeraceae	
ASV_17222	Glomeraceae	
ASV_17238	Glomeraceae	
ASV_17352	Glomeraceae	
ASV_17366	Glomeraceae	
ASV_17462	Glomeraceae	
ASV_17463	Glomeraceae	
ASV_17555	Glomeraceae	
ASV_17563	Glomeraceae	
ASV_17662	Glomeraceae	
ASV_17764	Glomeraceae	
ASV_17871	Glomeraceae	
ASV_17875	Glomeraceae	
ASV_17877	Glomeraceae	
ASV_17900	Glomeraceae	
ASV_17919	Glomeraceae	
ASV_17950	Glomeraceae	
ASV_17953	Glomeraceae	
ASV_17961	Glomeraceae	
ASV_17965	Glomeraceae	
ASV_18001	Glomeraceae	
ASV_18061	Glomeraceae	
ASV_18092	Glomeraceae	
ASV_18223	Glomeraceae	
ASV_18279	Glomeraceae	
ASV_18329	Glomeraceae	
ASV_18345	Glomeraceae	
ASV_18346	Glomeraceae	
ASV_18395	Glomeraceae	
ASV_18567	Glomeraceae	
ASV_18594	Glomeraceae	
ASV_18614	Glomeraceae	
ASV_18704	Glomeraceae	
ASV_18725	Glomeraceae	
ASV_18756	Glomeraceae	
ASV_18758	Glomeraceae	
ASV_18771	Glomeraceae	
ASV_18800	Glomeraceae	
ASV_18817	Glomeraceae	
ASV_18831	Glomeraceae	
ASV_18835	Glomeraceae	
ASV_18853	Glomeraceae	
ASV_18885	Glomeraceae	
ASV_18886	Glomeraceae	
ASV_18887	Glomeraceae	
ASV_18893	Glomeraceae	
ASV_18898	Glomeraceae	
ASV_19039	Glomeraceae	
ASV_19081	Glomeraceae	
ASV_19121	Glomeraceae	
ASV_19163	Glomeraceae	
ASV_19252	Glomeraceae	
ASV_19253	Glomeraceae	
ASV_19257	Glomeraceae	
ASV_19259	Glomeraceae	
ASV_19271	Glomeraceae	
ASV_19309	Glomeraceae	
ASV_19326	Glomeraceae	
ASV_19378	Glomeraceae	
ASV_19390	Glomeraceae	
ASV_19403	Glomeraceae	
ASV_19404	Glomeraceae	
ASV_19405	Glomeraceae	
ASV_19428	Glomeraceae	
ASV_19465	Glomeraceae	
ASV_19619	Glomeraceae	
ASV_19789	Glomeraceae	
ASV_19793	Glomeraceae	
ASV_19892	Glomeraceae	
ASV_19898	Glomeraceae	
ASV_19955	Glomeraceae	
ASV_19959	Glomeraceae	
ASV_20024	Glomeraceae	
ASV_20035	Glomeraceae	
ASV_20049	Glomeraceae	
ASV_20178	Glomeraceae	
ASV_20205	Glomeraceae	
ASV_20363	Glomeraceae	
ASV_20364	Glomeraceae	
ASV_20365	Glomeraceae	
ASV_20367	Glomeraceae	
ASV_20368	Glomeraceae	
ASV_20371	Glomeraceae	
ASV_20413	Glomeraceae	
ASV_20453	Glomeraceae	
ASV_20501	Glomeraceae	
ASV_20511	Glomeraceae	
ASV_20512	Glomeraceae	
ASV_20524	Glomeraceae	
ASV_20525	Glomeraceae	
ASV_20602	Glomeraceae	
ASV_20684	Glomeraceae	
ASV_20806	Glomeraceae	
ASV_20927	Glomeraceae	
ASV_20933	Glomeraceae	
ASV_21003	Glomeraceae	
ASV_21017	Glomeraceae	
ASV_21038	Glomeraceae	
ASV_21058	Glomeraceae	
ASV_21066	Glomeraceae	
ASV_21070	Glomeraceae	
ASV_21075	Glomeraceae	
ASV_21076	Glomeraceae	
ASV_21157	Glomeraceae	
ASV_21169	Glomeraceae	
ASV_21290	Glomeraceae	
ASV_21394	Glomeraceae	
ASV_21444	Glomeraceae	
ASV_21480	Glomeraceae	
ASV_21526	Glomeraceae	
ASV_21530	Glomeraceae	
ASV_21545	Glomeraceae	
ASV_21554	Glomeraceae	
ASV_21635	Glomeraceae	
ASV_21667	Glomeraceae	
ASV_21688	Glomeraceae	
ASV_21704	Glomeraceae	
ASV_21732	Glomeraceae	
ASV_21771	Glomeraceae	
ASV_21787	Glomeraceae	
ASV_21789	Glomeraceae	
ASV_21793	Glomeraceae	
ASV_21799	Glomeraceae	
ASV_21811	Glomeraceae	
ASV_21812	Glomeraceae	
ASV_21819	Glomeraceae	
ASV_22056	Glomeraceae	
ASV_22184	Glomeraceae	
ASV_22187	Glomeraceae	
ASV_22188	Glomeraceae	
ASV_22191	Glomeraceae	
ASV_22194	Glomeraceae	
ASV_22353	Glomeraceae	
ASV_22382	Glomeraceae	
ASV_22494	Glomeraceae	
ASV_22594	Glomeraceae	
ASV_22615	Glomeraceae	
ASV_22736	Glomeraceae	
ASV_22803	Glomeraceae	
ASV_22815	Glomeraceae	
ASV_22842	Glomeraceae	
ASV_22845	Glomeraceae	
ASV_22846	Glomeraceae	
ASV_22848	Glomeraceae	
ASV_22851	Glomeraceae	
ASV_22868	Glomeraceae	
ASV_22881	Glomeraceae	
ASV_22900	Glomeraceae	
ASV_22999	Glomeraceae	
ASV_23013	Glomeraceae	
ASV_23020	Glomeraceae	
ASV_23036	Glomeraceae	
ASV_23037	Glomeraceae	
ASV_23046	Glomeraceae	
ASV_23047	Glomeraceae	
ASV_23116	Glomeraceae	
ASV_23150	Glomeraceae	
ASV_23163	Glomeraceae	
ASV_23166	Glomeraceae	
ASV_23195	Glomeraceae	
ASV_23196	Glomeraceae	
ASV_23198	Glomeraceae	
ASV_23239	Glomeraceae	
ASV_23240	Glomeraceae	
ASV_23253	Glomeraceae	
ASV_23363	Glomeraceae	
ASV_23408	Glomeraceae	
ASV_23500	Glomeraceae	
ASV_23506	Glomeraceae	
ASV_23550	Glomeraceae	
ASV_23558	Glomeraceae	
ASV_23561	Glomeraceae	
ASV_23563	Glomeraceae	
ASV_23566	Glomeraceae	
ASV_23580	Glomeraceae	
ASV_23581	Glomeraceae	
ASV_23585	Glomeraceae	
ASV_23589	Glomeraceae	
ASV_23590	Glomeraceae	
ASV_23680	Glomeraceae	
ASV_23697	Glomeraceae	
ASV_23732	Glomeraceae	
ASV_23741	Glomeraceae	
ASV_23742	Glomeraceae	
ASV_23764	Glomeraceae	
ASV_23765	Glomeraceae	
ASV_23788	Glomeraceae	
ASV_23791	Glomeraceae	
ASV_23801	Glomeraceae	
ASV_23833	Glomeraceae	
ASV_23891	Glomeraceae	
ASV_23892	Glomeraceae	
ASV_23942	Glomeraceae	
ASV_24230	Glomeraceae	
ASV_24291	Glomeraceae	
ASV_24351	Glomeraceae	
ASV_24353	Glomeraceae	
ASV_24355	Glomeraceae	
ASV_24356	Glomeraceae	
ASV_24357	Glomeraceae	
ASV_24358	Glomeraceae	
ASV_24387	Glomeraceae	
ASV_24390	Glomeraceae	
ASV_24451	Glomeraceae	
ASV_24522	Glomeraceae	
ASV_24557	Glomeraceae	
ASV_24629	Glomeraceae	
ASV_24631	Glomeraceae	
ASV_24633	Glomeraceae	
ASV_24731	Glomeraceae	
ASV_24750	Glomeraceae	
ASV_24763	Glomeraceae	
ASV_24874	Glomeraceae	
ASV_25138	Glomeraceae	
ASV_25212	Glomeraceae	
ASV_25220	Glomeraceae	
ASV_25275	Glomeraceae	
ASV_25278	Glomeraceae	
ASV_25280	Glomeraceae	
ASV_25284	Glomeraceae	
ASV_25296	Glomeraceae	
ASV_25310	Glomeraceae	
ASV_25400	Glomeraceae	
ASV_25401	Glomeraceae	
ASV_25440	Glomeraceae	
ASV_25441	Glomeraceae	
ASV_25494	Glomeraceae	
ASV_25512	Glomeraceae	
ASV_25531	Glomeraceae	
ASV_25548	Glomeraceae	
ASV_25684	Glomeraceae	
ASV_25967	Glomeraceae	
ASV_26023	Glomeraceae	
ASV_26210	Glomeraceae	
ASV_26212	Glomeraceae	
ASV_26214	Glomeraceae	
ASV_26215	Glomeraceae	
ASV_26216	Glomeraceae	
ASV_26220	Glomeraceae	
ASV_26250	Glomeraceae	
ASV_26255	Glomeraceae	
ASV_26258	Glomeraceae	
ASV_26260	Glomeraceae	
ASV_26318	Glomeraceae	
ASV_26351	Glomeraceae	
ASV_26367	Glomeraceae	
ASV_26407	Glomeraceae	
ASV_26441	Glomeraceae	
ASV_26442	Glomeraceae	
ASV_26462	Glomeraceae	
ASV_26499	Glomeraceae	
ASV_26501	Glomeraceae	
ASV_26535	Glomeraceae	
ASV_26614	Glomeraceae	
ASV_26626	Glomeraceae	
ASV_26654	Glomeraceae	
ASV_26661	Glomeraceae	
ASV_26802	Glomeraceae	
ASV_26923	Glomeraceae	
ASV_27003	Glomeraceae	
ASV_27185	Glomeraceae	
ASV_27189	Glomeraceae	
ASV_27223	Glomeraceae	
ASV_27225	Glomeraceae	
ASV_27230	Glomeraceae	
ASV_27241	Glomeraceae	
ASV_27299	Glomeraceae	
ASV_27408	Glomeraceae	
ASV_27409	Glomeraceae	
ASV_27463	Glomeraceae	
ASV_27479	Glomeraceae	
ASV_27492	Glomeraceae	
ASV_27496	Glomeraceae	
ASV_27508	Glomeraceae	
ASV_27524	Glomeraceae	
ASV_27539	Glomeraceae	
ASV_27552	Glomeraceae	
ASV_27570	Glomeraceae	
ASV_27703	Glomeraceae	
ASV_27704	Glomeraceae	
ASV_27719	Glomeraceae	
ASV_27886	Glomeraceae	
ASV_27967	Glomeraceae	
ASV_28015	Glomeraceae	
ASV_28239	Glomeraceae	
ASV_28281	Glomeraceae	
ASV_28282	Glomeraceae	
ASV_28283	Glomeraceae	
ASV_28287	Glomeraceae	
ASV_28291	Glomeraceae	
ASV_28293	Glomeraceae	
ASV_28298	Glomeraceae	
ASV_28319	Glomeraceae	
ASV_28328	Glomeraceae	
ASV_28331	Glomeraceae	
ASV_28345	Glomeraceae	
ASV_28467	Glomeraceae	
ASV_28563	Glomeraceae	
ASV_28564	Glomeraceae	
ASV_28588	Glomeraceae	
ASV_28601	Glomeraceae	
ASV_28606	Glomeraceae	
ASV_28621	Glomeraceae	
ASV_28634	Glomeraceae	
ASV_28647	Glomeraceae	
ASV_28667	Glomeraceae	
ASV_28767	Glomeraceae	
ASV_28796	Glomeraceae	
ASV_28798	Glomeraceae	
ASV_28837	Glomeraceae	
ASV_28848	Glomeraceae	
ASV_28988	Glomeraceae	
ASV_29344	Glomeraceae	
ASV_29406	Glomeraceae	
ASV_29441	Glomeraceae	
ASV_29447	Glomeraceae	
ASV_29450	Glomeraceae	
ASV_29455	Glomeraceae	
ASV_29457	Glomeraceae	
ASV_29470	Glomeraceae	
ASV_29489	Glomeraceae	
ASV_29493	Glomeraceae	
ASV_29548	Glomeraceae	
ASV_29594	Glomeraceae	
ASV_29647	Glomeraceae	
ASV_29701	Glomeraceae	
ASV_29800	Glomeraceae	
ASV_29810	Glomeraceae	
ASV_29838	Glomeraceae	
ASV_29865	Glomeraceae	
ASV_29881	Glomeraceae	
ASV_30166	Glomeraceae	
ASV_30442	Glomeraceae	
ASV_30449	Glomeraceae	
ASV_30530	Glomeraceae	
ASV_30544	Glomeraceae	
ASV_30605	Glomeraceae	
ASV_30762	Glomeraceae	
ASV_30828	Glomeraceae	
ASV_30829	Glomeraceae	
ASV_30830	Glomeraceae	
ASV_30831	Glomeraceae	
ASV_30832	Glomeraceae	
ASV_30835	Glomeraceae	
ASV_30868	Glomeraceae	
ASV_30871	Glomeraceae	
ASV_31012	Glomeraceae	
ASV_31068	Glomeraceae	
ASV_31100	Glomeraceae	
ASV_31174	Glomeraceae	
ASV_31195	Glomeraceae	
ASV_31196	Glomeraceae	
ASV_31239	Glomeraceae	
ASV_31244	Glomeraceae	
ASV_31246	Glomeraceae	
ASV_31249	Glomeraceae	
ASV_31250	Glomeraceae	
ASV_31266	Glomeraceae	
ASV_31279	Glomeraceae	
ASV_31280	Glomeraceae	
ASV_31475	Glomeraceae	
ASV_31476	Glomeraceae	
ASV_31511	Glomeraceae	
ASV_31512	Glomeraceae	
ASV_31513	Glomeraceae	
ASV_31514	Glomeraceae	
ASV_31515	Glomeraceae	
ASV_31516	Glomeraceae	
ASV_31520	Glomeraceae	
ASV_31535	Glomeraceae	
ASV_31540	Glomeraceae	
ASV_31582	Glomeraceae	
ASV_31751	Glomeraceae	
ASV_31918	Glomeraceae	
ASV_31925	Glomeraceae	
ASV_31959	Glomeraceae	
ASV_32052	Glomeraceae	
ASV_32278	Glomeraceae	
ASV_32299	Glomeraceae	
ASV_32311	Glomeraceae	
ASV_32359	Glomeraceae	
ASV_32370	Glomeraceae	
ASV_32408	Glomeraceae	
ASV_32413	Glomeraceae	
ASV_32414	Glomeraceae	
ASV_32418	Glomeraceae	
ASV_32640	Glomeraceae	
ASV_32647	Glomeraceae	
ASV_32737	Glomeraceae	
ASV_32799	Glomeraceae	
ASV_32813	Glomeraceae	
ASV_32831	Glomeraceae	
ASV_32837	Glomeraceae	
ASV_32842	Glomeraceae	
ASV_32853	Glomeraceae	
ASV_32884	Glomeraceae	
ASV_32895	Glomeraceae	
ASV_33039	Glomeraceae	
ASV_33086	Glomeraceae	
ASV_33142	Glomeraceae	
ASV_33148	Glomeraceae	
ASV_33174	Glomeraceae	
ASV_33261	Glomeraceae	
ASV_33348	Glomeraceae	
ASV_33598	Glomeraceae	
ASV_33608	Glomeraceae	
ASV_33622	Glomeraceae	
ASV_34014	Glomeraceae	
ASV_34034	Glomeraceae	
ASV_34083	Glomeraceae	
ASV_34086	Glomeraceae	
ASV_34090	Glomeraceae	
ASV_34097	Glomeraceae	
ASV_34131	Glomeraceae	
ASV_34133	Glomeraceae	
ASV_34136	Glomeraceae	
ASV_34139	Glomeraceae	
ASV_34158	Glomeraceae	
ASV_34161	Glomeraceae	
ASV_34272	Glomeraceae	
ASV_34380	Glomeraceae	
ASV_34448	Glomeraceae	
ASV_34495	Glomeraceae	
ASV_34498	Glomeraceae	
ASV_34504	Glomeraceae	
ASV_34507	Glomeraceae	
ASV_34523	Glomeraceae	
ASV_34531	Glomeraceae	
ASV_34545	Glomeraceae	
ASV_34638	Glomeraceae	
ASV_34639	Glomeraceae	
ASV_34651	Glomeraceae	
ASV_34652	Glomeraceae	
ASV_34676	Glomeraceae	
ASV_34729	Glomeraceae	
ASV_34831	Glomeraceae	
ASV_34918	Glomeraceae	
ASV_34944	Glomeraceae	
ASV_34945	Glomeraceae	
ASV_34946	Glomeraceae	
ASV_34948	Glomeraceae	
ASV_34949	Glomeraceae	
ASV_34956	Glomeraceae	
ASV_35023	Glomeraceae	
ASV_35205	Glomeraceae	
ASV_35214	Glomeraceae	
ASV_35393	Glomeraceae	
ASV_35396	Glomeraceae	
ASV_35413	Glomeraceae	
ASV_35471	Glomeraceae	
ASV_35803	Glomeraceae	
ASV_35817	Glomeraceae	
ASV_35880	Glomeraceae	
ASV_35939	Glomeraceae	
ASV_35941	Glomeraceae	
ASV_35946	Glomeraceae	
ASV_35953	Glomeraceae	
ASV_36024	Glomeraceae	
ASV_36111	Glomeraceae	
ASV_36149	Glomeraceae	
ASV_36243	Glomeraceae	
ASV_36245	Glomeraceae	
ASV_36330	Glomeraceae	
ASV_36341	Glomeraceae	
ASV_36342	Glomeraceae	
ASV_36355	Glomeraceae	
ASV_36379	Glomeraceae	
ASV_36387	Glomeraceae	
ASV_36392	Glomeraceae	
ASV_36404	Glomeraceae	
ASV_36421	Glomeraceae	
ASV_36428	Glomeraceae	
ASV_36520	Glomeraceae	
ASV_36521	Glomeraceae	
ASV_36556	Glomeraceae	
ASV_36598	Glomeraceae	
ASV_36651	Glomeraceae	
ASV_36702	Glomeraceae	
ASV_36777	Glomeraceae	
ASV_36778	Glomeraceae	
ASV_36939	Glomeraceae	
ASV_36947	Glomeraceae	
ASV_37022	Glomeraceae	
ASV_37090	Glomeraceae	
ASV_37298	Glomeraceae	
ASV_37492	Glomeraceae	
ASV_37525	Glomeraceae	
ASV_37728	Glomeraceae	
ASV_38009	Glomeraceae	
ASV_38027	Glomeraceae	
ASV_38044	Glomeraceae	
ASV_38047	Glomeraceae	
ASV_38113	Glomeraceae	
ASV_38117	Glomeraceae	
ASV_38120	Glomeraceae	
ASV_38127	Glomeraceae	
ASV_38132	Glomeraceae	
ASV_38133	Glomeraceae	
ASV_38134	Glomeraceae	
ASV_38137	Glomeraceae	
ASV_38155	Glomeraceae	
ASV_38170	Glomeraceae	
ASV_38173	Glomeraceae	
ASV_38183	Glomeraceae	
ASV_38195	Glomeraceae	
ASV_38202	Glomeraceae	
ASV_38442	Glomeraceae	
ASV_38487	Glomeraceae	
ASV_38516	Glomeraceae	
ASV_38535	Glomeraceae	
ASV_38566	Glomeraceae	
ASV_38621	Glomeraceae	
ASV_38665	Glomeraceae	
ASV_38670	Glomeraceae	
ASV_38725	Glomeraceae	
ASV_38753	Glomeraceae	
ASV_38796	Glomeraceae	
ASV_38798	Glomeraceae	
ASV_38799	Glomeraceae	
ASV_38800	Glomeraceae	
ASV_38801	Glomeraceae	
ASV_38822	Glomeraceae	
ASV_38833	Glomeraceae	
ASV_38842	Glomeraceae	
ASV_38875	Glomeraceae	
ASV_38970	Glomeraceae	
ASV_39277	Glomeraceae	
ASV_39279	Glomeraceae	
ASV_39284	Glomeraceae	
ASV_39362	Glomeraceae	
ASV_39567	Glomeraceae	
ASV_39700	Glomeraceae	
ASV_39773	Glomeraceae	
ASV_39868	Glomeraceae	
ASV_40317	Glomeraceae	
ASV_40390	Glomeraceae	
ASV_40445	Glomeraceae	
ASV_40521	Glomeraceae	
ASV_40545	Glomeraceae	
ASV_40547	Glomeraceae	
ASV_40548	Glomeraceae	
ASV_40555	Glomeraceae	
ASV_40556	Glomeraceae	
ASV_40561	Glomeraceae	
ASV_40568	Glomeraceae	
ASV_40570	Glomeraceae	
ASV_40623	Glomeraceae	
ASV_40639	Glomeraceae	
ASV_40646	Glomeraceae	
ASV_40650	Glomeraceae	
ASV_40704	Glomeraceae	
ASV_40717	Glomeraceae	
ASV_40740	Glomeraceae	
ASV_40905	Glomeraceae	
ASV_40913	Glomeraceae	
ASV_40990	Glomeraceae	
ASV_41012	Glomeraceae	
ASV_41148	Glomeraceae	
ASV_41179	Glomeraceae	
ASV_41276	Glomeraceae	
ASV_41328	Glomeraceae	
ASV_41333	Glomeraceae	
ASV_41334	Glomeraceae	
ASV_41337	Glomeraceae	
ASV_41368	Glomeraceae	
ASV_41369	Glomeraceae	
ASV_41370	Glomeraceae	
ASV_41371	Glomeraceae	
ASV_41373	Glomeraceae	
ASV_41374	Glomeraceae	
ASV_41378	Glomeraceae	
ASV_41380	Glomeraceae	
ASV_41395	Glomeraceae	
ASV_41406	Glomeraceae	
ASV_41735	Glomeraceae	
ASV_41774	Glomeraceae	
ASV_41776	Glomeraceae	
ASV_41836	Glomeraceae	
ASV_41842	Glomeraceae	
ASV_41911	Glomeraceae	
ASV_41924	Glomeraceae	
ASV_41972	Glomeraceae	
ASV_41978	Glomeraceae	
ASV_42205	Glomeraceae	
ASV_42207	Glomeraceae	
ASV_42227	Glomeraceae	
ASV_42458	Glomeraceae	
ASV_42466	Glomeraceae	
ASV_42645	Glomeraceae	
ASV_42664	Glomeraceae	
ASV_42969	Glomeraceae	
ASV_43063	Glomeraceae	
ASV_43065	Glomeraceae	
ASV_43096	Glomeraceae	
ASV_43168	Glomeraceae	
ASV_43209	Glomeraceae	
ASV_43210	Glomeraceae	
ASV_43218	Glomeraceae	
ASV_43222	Glomeraceae	
ASV_43224	Glomeraceae	
ASV_43225	Glomeraceae	
ASV_43229	Glomeraceae	
ASV_43294	Glomeraceae	
ASV_43299	Glomeraceae	
ASV_43305	Glomeraceae	
ASV_43321	Glomeraceae	
ASV_43334	Glomeraceae	
ASV_43337	Glomeraceae	
ASV_43341	Glomeraceae	
ASV_43343	Glomeraceae	
ASV_43430	Glomeraceae	
ASV_43509	Glomeraceae	
ASV_43511	Glomeraceae	
ASV_43548	Glomeraceae	
ASV_43703	Glomeraceae	
ASV_43713	Glomeraceae	
ASV_43723	Glomeraceae	
ASV_43745	Glomeraceae	
ASV_43811	Glomeraceae	
ASV_43913	Glomeraceae	
ASV_43914	Glomeraceae	
ASV_43918	Glomeraceae	
ASV_43925	Glomeraceae	
ASV_43958	Glomeraceae	
ASV_43990	Glomeraceae	
ASV_44028	Glomeraceae	
ASV_44036	Glomeraceae	
ASV_44039	Glomeraceae	
ASV_44107	Glomeraceae	
ASV_44128	Glomeraceae	
ASV_44148	Glomeraceae	
ASV_44150	Glomeraceae	
ASV_44151	Glomeraceae	
ASV_44153	Glomeraceae	
ASV_44156	Glomeraceae	
ASV_44200	Glomeraceae	
ASV_44201	Glomeraceae	
ASV_44202	Glomeraceae	
ASV_44203	Glomeraceae	
ASV_44209	Glomeraceae	
ASV_44211	Glomeraceae	
ASV_44212	Glomeraceae	
ASV_44215	Glomeraceae	
ASV_44218	Glomeraceae	
ASV_44219	Glomeraceae	
ASV_44236	Glomeraceae	
ASV_44670	Glomeraceae	
ASV_44678	Glomeraceae	
ASV_44745	Glomeraceae	
ASV_44751	Glomeraceae	
ASV_44753	Glomeraceae	
ASV_44756	Glomeraceae	
ASV_44759	Glomeraceae	
ASV_44779	Glomeraceae	
ASV_44884	Glomeraceae	
ASV_44892	Glomeraceae	
ASV_45506	Glomeraceae	
ASV_45684	Glomeraceae	
ASV_46147	Glomeraceae	
ASV_46195	Glomeraceae	
ASV_46197	Glomeraceae	
ASV_46228	Glomeraceae	
ASV_46324	Glomeraceae	
ASV_46325	Glomeraceae	
ASV_46347	Glomeraceae	
ASV_46352	Glomeraceae	
ASV_46358	Glomeraceae	
ASV_46371	Glomeraceae	
ASV_46379	Glomeraceae	
ASV_46380	Glomeraceae	
ASV_46407	Glomeraceae	
ASV_46410	Glomeraceae	
ASV_46457	Glomeraceae	
ASV_46542	Glomeraceae	
ASV_46569	Glomeraceae	
ASV_46585	Glomeraceae	
ASV_46616	Glomeraceae	
ASV_46618	Glomeraceae	
ASV_46690	Glomeraceae	
ASV_46705	Glomeraceae	
ASV_47006	Glomeraceae	
ASV_47009	Glomeraceae	
ASV_47012	Glomeraceae	
ASV_47176	Glomeraceae	
ASV_47182	Glomeraceae	
ASV_47183	Glomeraceae	
ASV_47192	Glomeraceae	
ASV_47198	Glomeraceae	
ASV_47216	Glomeraceae	
ASV_47242	Glomeraceae	
ASV_47303	Glomeraceae	
ASV_47307	Glomeraceae	
ASV_47340	Glomeraceae	
ASV_47410	Glomeraceae	
ASV_47412	Glomeraceae	
ASV_47414	Glomeraceae	
ASV_47415	Glomeraceae	
ASV_47418	Glomeraceae	
ASV_47421	Glomeraceae	
ASV_47429	Glomeraceae	
ASV_47445	Glomeraceae	
ASV_47447	Glomeraceae	
ASV_47451	Glomeraceae	
ASV_47470	Glomeraceae	
ASV_47471	Glomeraceae	
ASV_47474	Glomeraceae	
ASV_47477	Glomeraceae	
ASV_47479	Glomeraceae	
ASV_47514	Glomeraceae	
ASV_47534	Glomeraceae	
ASV_47577	Glomeraceae	
ASV_47661	Glomeraceae	
ASV_47919	Glomeraceae	
ASV_47986	Glomeraceae	
ASV_48092	Glomeraceae	
ASV_48113	Glomeraceae	
ASV_48123	Glomeraceae	
ASV_48132	Glomeraceae	
ASV_48207	Glomeraceae	
ASV_48230	Glomeraceae	
ASV_48253	Glomeraceae	
ASV_48574	Glomeraceae	
ASV_48579	Glomeraceae	
ASV_48607	Glomeraceae	
ASV_48752	Glomeraceae	
ASV_48896	Glomeraceae	
ASV_48905	Glomeraceae	
ASV_49172	Glomeraceae	
ASV_49178	Glomeraceae	
ASV_49332	Glomeraceae	
ASV_49334	Glomeraceae	
ASV_49446	Glomeraceae	
ASV_49580	Glomeraceae	
ASV_49756	Glomeraceae	
ASV_49773	Glomeraceae	
ASV_49775	Glomeraceae	
ASV_49825	Glomeraceae	
ASV_49826	Glomeraceae	
ASV_49880	Glomeraceae	
ASV_49970	Glomeraceae	
ASV_49998	Glomeraceae	
ASV_50003	Glomeraceae	
ASV_50006	Glomeraceae	
ASV_50010	Glomeraceae	
ASV_50016	Glomeraceae	
ASV_50021	Glomeraceae	
ASV_50162	Glomeraceae	
ASV_50208	Glomeraceae	
ASV_50235	Glomeraceae	
ASV_50394	Glomeraceae	
ASV_50467	Glomeraceae	
ASV_50535	Glomeraceae	
ASV_50542	Glomeraceae	
ASV_50655	Glomeraceae	
ASV_50785	Glomeraceae	
ASV_50800	Glomeraceae	
ASV_50836	Glomeraceae	
ASV_50843	Glomeraceae	
ASV_50932	Glomeraceae	
ASV_50965	Glomeraceae	
ASV_50982	Glomeraceae	
ASV_51041	Glomeraceae	
ASV_51077	Glomeraceae	
ASV_51086	Glomeraceae	
ASV_51087	Glomeraceae	
ASV_51088	Glomeraceae	
ASV_51089	Glomeraceae	
ASV_51091	Glomeraceae	
ASV_51092	Glomeraceae	
ASV_51093	Glomeraceae	
ASV_51095	Glomeraceae	
ASV_51097	Glomeraceae	
ASV_51099	Glomeraceae	
ASV_51143	Glomeraceae	
ASV_51147	Glomeraceae	
ASV_51152	Glomeraceae	
ASV_51155	Glomeraceae	
ASV_51201	Glomeraceae	
ASV_51270	Glomeraceae	
ASV_51384	Glomeraceae	
ASV_51438	Glomeraceae	
ASV_51680	Glomeraceae	
ASV_51743	Glomeraceae	
ASV_51900	Glomeraceae	
ASV_51905	Glomeraceae	
ASV_51907	Glomeraceae	
ASV_51912	Glomeraceae	
ASV_51928	Glomeraceae	
ASV_51934	Glomeraceae	
ASV_51935	Glomeraceae	
ASV_51940	Glomeraceae	
ASV_52013	Glomeraceae	
ASV_52082	Glomeraceae	
ASV_52102	Glomeraceae	
ASV_52132	Glomeraceae	
ASV_52133	Glomeraceae	
ASV_52143	Glomeraceae	
ASV_52144	Glomeraceae	
ASV_52489	Glomeraceae	
ASV_52870	Glomeraceae	
ASV_53002	Glomeraceae	
ASV_53130	Glomeraceae	
ASV_53170	Glomeraceae	
ASV_53392	Glomeraceae	
ASV_53667	Glomeraceae	
ASV_53758	Glomeraceae	
ASV_53778	Glomeraceae	
ASV_53862	Glomeraceae	
ASV_53887	Glomeraceae	
ASV_54008	Glomeraceae	
ASV_54013	Glomeraceae	
ASV_54018	Glomeraceae	
ASV_54025	Glomeraceae	
ASV_54085	Glomeraceae	
ASV_54116	Glomeraceae	
ASV_54129	Glomeraceae	
ASV_54144	Glomeraceae	
ASV_54165	Glomeraceae	
ASV_54172	Glomeraceae	
ASV_54294	Glomeraceae	
ASV_54765	Glomeraceae	
ASV_54770	Glomeraceae	
ASV_54772	Glomeraceae	
ASV_54773	Glomeraceae	
ASV_54774	Glomeraceae	
ASV_54778	Glomeraceae	
ASV_54799	Glomeraceae	
ASV_54861	Glomeraceae	
ASV_54875	Glomeraceae	
ASV_54884	Glomeraceae	
ASV_54892	Glomeraceae	
ASV_54893	Glomeraceae	
ASV_54896	Glomeraceae	
ASV_54950	Glomeraceae	
ASV_55028	Glomeraceae	
ASV_55035	Glomeraceae	
ASV_55064	Glomeraceae	
ASV_55074	Glomeraceae	
ASV_55077	Glomeraceae	
ASV_55083	Glomeraceae	
ASV_55091	Glomeraceae	
ASV_55094	Glomeraceae	
ASV_55156	Glomeraceae	
ASV_55178	Glomeraceae	
ASV_55184	Glomeraceae	
ASV_55192	Glomeraceae	
ASV_55253	Glomeraceae	
ASV_55319	Glomeraceae	
ASV_55412	Glomeraceae	
ASV_55415	Glomeraceae	
ASV_55423	Glomeraceae	
ASV_55434	Glomeraceae	
ASV_55437	Glomeraceae	
ASV_55442	Glomeraceae	
ASV_55457	Glomeraceae	
ASV_55458	Glomeraceae	
ASV_55461	Glomeraceae	
ASV_55472	Glomeraceae	
ASV_55473	Glomeraceae	
ASV_55494	Glomeraceae	
ASV_55502	Glomeraceae	
ASV_55503	Glomeraceae	
ASV_55504	Glomeraceae	
ASV_55508	Glomeraceae	
ASV_55512	Glomeraceae	
ASV_55513	Glomeraceae	
ASV_55514	Glomeraceae	
ASV_55515	Glomeraceae	
ASV_55587	Glomeraceae	
ASV_55638	Glomeraceae	
ASV_55653	Glomeraceae	
ASV_55757	Glomeraceae	
ASV_55760	Glomeraceae	
ASV_55772	Glomeraceae	
ASV_55776	Glomeraceae	
ASV_55778	Glomeraceae	
ASV_55802	Glomeraceae	
ASV_55807	Glomeraceae	
ASV_56085	Glomeraceae	
ASV_56086	Glomeraceae	
ASV_56148	Glomeraceae	
ASV_56185	Glomeraceae	
ASV_56212	Glomeraceae	
ASV_56236	Glomeraceae	
ASV_56363	Glomeraceae	
ASV_56368	Glomeraceae	
ASV_56383	Glomeraceae	
ASV_56407	Glomeraceae	
ASV_56451	Glomeraceae	
ASV_56488	Glomeraceae	
ASV_56527	Glomeraceae	
ASV_56549	Glomeraceae	
ASV_56954	Glomeraceae	
ASV_56987	Glomeraceae	
ASV_57134	Glomeraceae	
ASV_57327	Glomeraceae	
ASV_57396	Glomeraceae	
ASV_57397	Glomeraceae	
ASV_57399	Glomeraceae	
ASV_57410	Glomeraceae	
ASV_57548	Glomeraceae	
ASV_57557	Glomeraceae	
ASV_57558	Glomeraceae	
ASV_57662	Glomeraceae	
ASV_57798	Glomeraceae	
ASV_58038	Glomeraceae	
ASV_58081	Glomeraceae	
ASV_58478	Glomeraceae	
ASV_58577	Glomeraceae	
ASV_58610	Glomeraceae	
ASV_58755	Glomeraceae	
ASV_58764	Glomeraceae	
ASV_58765	Glomeraceae	
ASV_58766	Glomeraceae	
ASV_58772	Glomeraceae	
ASV_58788	Glomeraceae	
ASV_58789	Glomeraceae	
ASV_58792	Glomeraceae	
ASV_58863	Glomeraceae	
ASV_58882	Glomeraceae	
ASV_58883	Glomeraceae	
ASV_58885	Glomeraceae	
ASV_58945	Glomeraceae	
ASV_58952	Glomeraceae	
ASV_58963	Glomeraceae	
ASV_58966	Glomeraceae	
ASV_58970	Glomeraceae	
ASV_58972	Glomeraceae	
ASV_59156	Glomeraceae	
ASV_59230	Glomeraceae	
ASV_59279	Glomeraceae	
ASV_59288	Glomeraceae	
ASV_59290	Glomeraceae	
ASV_59292	Glomeraceae	
ASV_59314	Glomeraceae	
ASV_59743	Glomeraceae	
ASV_59751	Glomeraceae	
ASV_59758	Glomeraceae	
ASV_59767	Glomeraceae	
ASV_59879	Glomeraceae	
ASV_59884	Glomeraceae	
ASV_59885	Glomeraceae	
ASV_59974	Glomeraceae	
ASV_60156	Glomeraceae	
ASV_60158	Glomeraceae	
ASV_60161	Glomeraceae	
ASV_60182	Glomeraceae	
ASV_60196	Glomeraceae	
ASV_60225	Glomeraceae	
ASV_60246	Glomeraceae	
ASV_60289	Glomeraceae	
ASV_60305	Glomeraceae	
ASV_60315	Glomeraceae	
ASV_60341	Glomeraceae	
ASV_60350	Glomeraceae	
ASV_60385	Glomeraceae	
ASV_60395	Glomeraceae	
ASV_60402	Glomeraceae	
ASV_60406	Glomeraceae	
ASV_60410	Glomeraceae	
ASV_60458	Glomeraceae	
ASV_60530	Glomeraceae	
ASV_60618	Glomeraceae	
ASV_60635	Glomeraceae	
ASV_60636	Glomeraceae	
ASV_60637	Glomeraceae	
ASV_60639	Glomeraceae	
ASV_60641	Glomeraceae	
ASV_60643	Glomeraceae	
ASV_60644	Glomeraceae	
ASV_60645	Glomeraceae	
ASV_60646	Glomeraceae	
ASV_60648	Glomeraceae	
ASV_60671	Glomeraceae	
ASV_60691	Glomeraceae	
ASV_60693	Glomeraceae	
ASV_60700	Glomeraceae	
ASV_60709	Glomeraceae	
ASV_60717	Glomeraceae	
ASV_60720	Glomeraceae	
ASV_60739	Glomeraceae	
ASV_60746	Glomeraceae	
ASV_60748	Glomeraceae	
ASV_60749	Glomeraceae	
ASV_60750	Glomeraceae	
ASV_60795	Glomeraceae	
ASV_60799	Glomeraceae	
ASV_60804	Glomeraceae	
ASV_60846	Glomeraceae	
ASV_60872	Glomeraceae	
ASV_60912	Glomeraceae	
ASV_61046	Glomeraceae	
ASV_61052	Glomeraceae	
ASV_61076	Glomeraceae	
ASV_61082	Glomeraceae	
ASV_61136	Glomeraceae	
ASV_61337	Glomeraceae	
ASV_61364	Glomeraceae	
ASV_61503	Glomeraceae	
ASV_61826	Glomeraceae	
ASV_61838	Glomeraceae	
ASV_61839	Glomeraceae	
ASV_61848	Glomeraceae	
ASV_61851	Glomeraceae	
ASV_61868	Glomeraceae	
ASV_61871	Glomeraceae	
ASV_61995	Glomeraceae	
ASV_62049	Glomeraceae	
ASV_62065	Glomeraceae	
ASV_62067	Glomeraceae	
ASV_62097	Glomeraceae	
ASV_62101	Glomeraceae	
ASV_62102	Glomeraceae	
ASV_62109	Glomeraceae	
ASV_62120	Glomeraceae	
ASV_62150	Glomeraceae	
ASV_62233	Glomeraceae	
ASV_344	Paraglomeraceae	
ASV_460	Paraglomeraceae	
ASV_1022	Paraglomeraceae	
ASV_1065	Paraglomeraceae	
ASV_1079	Paraglomeraceae	
ASV_1194	Paraglomeraceae	
ASV_1232	Paraglomeraceae	
ASV_1369	Paraglomeraceae	
ASV_1517	Paraglomeraceae	
ASV_1861	Paraglomeraceae	
ASV_2003	Paraglomeraceae	
ASV_2077	Paraglomeraceae	
ASV_2230	Paraglomeraceae	
ASV_2393	Paraglomeraceae	
ASV_2457	Paraglomeraceae	
ASV_2712	Paraglomeraceae	
ASV_3045	Paraglomeraceae	
ASV_3090	Paraglomeraceae	
ASV_3421	Paraglomeraceae	
ASV_3446	Paraglomeraceae	
ASV_4336	Paraglomeraceae	
ASV_4383	Paraglomeraceae	
ASV_4576	Paraglomeraceae	
ASV_4869	Paraglomeraceae	
ASV_4949	Paraglomeraceae	
ASV_5394	Paraglomeraceae	
ASV_5408	Paraglomeraceae	
ASV_5568	Paraglomeraceae	
ASV_5574	Paraglomeraceae	
ASV_6568	Paraglomeraceae	
ASV_6616	Paraglomeraceae	
ASV_7306	Paraglomeraceae	
ASV_7422	Paraglomeraceae	
ASV_7539	Paraglomeraceae	
ASV_7565	Paraglomeraceae	
ASV_7824	Paraglomeraceae	
ASV_7841	Paraglomeraceae	
ASV_8754	Paraglomeraceae	
ASV_8843	Paraglomeraceae	
ASV_9258	Paraglomeraceae	
ASV_9288	Paraglomeraceae	
ASV_9557	Paraglomeraceae	
ASV_9767	Paraglomeraceae	
ASV_9950	Paraglomeraceae	
ASV_11025	Paraglomeraceae	
ASV_11979	Paraglomeraceae	
ASV_12682	Paraglomeraceae	
ASV_12724	Paraglomeraceae	
ASV_13380	Paraglomeraceae	
ASV_13509	Paraglomeraceae	
ASV_13676	Paraglomeraceae	
ASV_13767	Paraglomeraceae	
ASV_14174	Paraglomeraceae	
ASV_14799	Paraglomeraceae	
ASV_14800	Paraglomeraceae	
ASV_14809	Paraglomeraceae	
ASV_15192	Paraglomeraceae	
ASV_16927	Paraglomeraceae	
ASV_17131	Paraglomeraceae	
ASV_17233	Paraglomeraceae	
ASV_17873	Paraglomeraceae	
ASV_17874	Paraglomeraceae	
ASV_17927	Paraglomeraceae	
ASV_17933	Paraglomeraceae	
ASV_17983	Paraglomeraceae	
ASV_18199	Paraglomeraceae	
ASV_19844	Paraglomeraceae	
ASV_19847	Paraglomeraceae	
ASV_20411	Paraglomeraceae	
ASV_20418	Paraglomeraceae	
ASV_21392	Paraglomeraceae	
ASV_21428	Paraglomeraceae	
ASV_21509	Paraglomeraceae	
ASV_21575	Paraglomeraceae	
ASV_22230	Paraglomeraceae	
ASV_22484	Paraglomeraceae	
ASV_22906	Paraglomeraceae	
ASV_22907	Paraglomeraceae	
ASV_22922	Paraglomeraceae	
ASV_22947	Paraglomeraceae	
ASV_22988	Paraglomeraceae	
ASV_24435	Paraglomeraceae	
ASV_24527	Paraglomeraceae	
ASV_24568	Paraglomeraceae	
ASV_24658	Paraglomeraceae	
ASV_26300	Paraglomeraceae	
ASV_27319	Paraglomeraceae	
ASV_27321	Paraglomeraceae	
ASV_28586	Paraglomeraceae	
ASV_28591	Paraglomeraceae	
ASV_28888	Paraglomeraceae	
ASV_29570	Paraglomeraceae	
ASV_30733	Paraglomeraceae	
ASV_30912	Paraglomeraceae	
ASV_30927	Paraglomeraceae	
ASV_30938	Paraglomeraceae	
ASV_30942	Paraglomeraceae	
ASV_30944	Paraglomeraceae	
ASV_30984	Paraglomeraceae	
ASV_31002	Paraglomeraceae	
ASV_32347	Paraglomeraceae	
ASV_32511	Paraglomeraceae	
ASV_32815	Paraglomeraceae	
ASV_33110	Paraglomeraceae	
ASV_34059	Paraglomeraceae	
ASV_34068	Paraglomeraceae	
ASV_34236	Paraglomeraceae	
ASV_34238	Paraglomeraceae	
ASV_34310	Paraglomeraceae	
ASV_34311	Paraglomeraceae	
ASV_34325	Paraglomeraceae	
ASV_34408	Paraglomeraceae	
ASV_35247	Paraglomeraceae	
ASV_36125	Paraglomeraceae	
ASV_36126	Paraglomeraceae	
ASV_36244	Paraglomeraceae	
ASV_38284	Paraglomeraceae	
ASV_38287	Paraglomeraceae	
ASV_38288	Paraglomeraceae	
ASV_38501	Paraglomeraceae	
ASV_38853	Paraglomeraceae	
ASV_39707	Paraglomeraceae	
ASV_40673	Paraglomeraceae	
ASV_40747	Paraglomeraceae	
ASV_40784	Paraglomeraceae	
ASV_40903	Paraglomeraceae	
ASV_40908	Paraglomeraceae	
ASV_41041	Paraglomeraceae	
ASV_43017	Paraglomeraceae	
ASV_43463	Paraglomeraceae	
ASV_43465	Paraglomeraceae	
ASV_43467	Paraglomeraceae	
ASV_44689	Paraglomeraceae	
ASV_44837	Paraglomeraceae	
ASV_44838	Paraglomeraceae	
ASV_45451	Paraglomeraceae	
ASV_46643	Paraglomeraceae	
ASV_46651	Paraglomeraceae	
ASV_46653	Paraglomeraceae	
ASV_46654	Paraglomeraceae	
ASV_47234	Paraglomeraceae	
ASV_49824	Paraglomeraceae	
ASV_50357	Paraglomeraceae	
ASV_50434	Paraglomeraceae	
ASV_50513	Paraglomeraceae	
ASV_50521	Paraglomeraceae	
ASV_54257	Paraglomeraceae	
ASV_54373	Paraglomeraceae	
ASV_54376	Paraglomeraceae	
ASV_54381	Paraglomeraceae	
ASV_54384	Paraglomeraceae	
ASV_54388	Paraglomeraceae	
ASV_54391	Paraglomeraceae	
ASV_54392	Paraglomeraceae	
ASV_54395	Paraglomeraceae	
ASV_54418	Paraglomeraceae	
ASV_54919	Paraglomeraceae	
ASV_55026	Paraglomeraceae	
ASV_55705	Paraglomeraceae	
ASV_56155	Paraglomeraceae	
ASV_58758	Paraglomeraceae	
ASV_58908	Paraglomeraceae	
ASV_59247	Paraglomeraceae	
ASV_59249	Paraglomeraceae	
ASV_59255	Paraglomeraceae	
ASV_59257	Paraglomeraceae	
ASV_59264	Paraglomeraceae	
ASV_59273	Paraglomeraceae	
ASV_59491	Paraglomeraceae	
ASV_59843	Paraglomeraceae	
ASV_61520	Paraglomeraceae	
ASV_61772	Paraglomeraceae	
ASV_62228	Paraglomeraceae	
ASV_33117	Pervestustaceae	
ASV_122	Unknown	
ASV_312	Unknown	
ASV_514	Unknown	
ASV_558	Unknown	
ASV_571	Unknown	
ASV_658	Unknown	
ASV_861	Unknown	
ASV_881	Unknown	
ASV_1035	Unknown	
ASV_1136	Unknown	
ASV_1141	Unknown	
ASV_1300	Unknown	
ASV_1569	Unknown	
ASV_1769	Unknown	
ASV_1786	Unknown	
ASV_1813	Unknown	
ASV_2053	Unknown	
ASV_2094	Unknown	
ASV_2124	Unknown	
ASV_2157	Unknown	
ASV_2174	Unknown	
ASV_2220	Unknown	
ASV_2240	Unknown	
ASV_2314	Unknown	
ASV_2373	Unknown	
ASV_2480	Unknown	
ASV_2494	Unknown	
ASV_2795	Unknown	
ASV_2857	Unknown	
ASV_2909	Unknown	
ASV_2931	Unknown	
ASV_2960	Unknown	
ASV_3018	Unknown	
ASV_3169	Unknown	
ASV_3179	Unknown	
ASV_3309	Unknown	
ASV_3311	Unknown	
ASV_3444	Unknown	
ASV_3620	Unknown	
ASV_3656	Unknown	
ASV_3734	Unknown	
ASV_3755	Unknown	
ASV_3757	Unknown	
ASV_3788	Unknown	
ASV_3811	Unknown	
ASV_4173	Unknown	
ASV_4356	Unknown	
ASV_4551	Unknown	
ASV_4558	Unknown	
ASV_4586	Unknown	
ASV_4590	Unknown	
ASV_4653	Unknown	
ASV_5005	Unknown	
ASV_5149	Unknown	
ASV_5500	Unknown	
ASV_5665	Unknown	
ASV_5811	Unknown	
ASV_6245	Unknown	
ASV_6317	Unknown	
ASV_6320	Unknown	
ASV_6379	Unknown	
ASV_6630	Unknown	
ASV_6675	Unknown	
ASV_6680	Unknown	
ASV_6941	Unknown	
ASV_7293	Unknown	
ASV_7408	Unknown	
ASV_7424	Unknown	
ASV_7428	Unknown	
ASV_7640	Unknown	
ASV_7692	Unknown	
ASV_7966	Unknown	
ASV_8199	Unknown	
ASV_8298	Unknown	
ASV_8369	Unknown	
ASV_8423	Unknown	
ASV_8527	Unknown	
ASV_8645	Unknown	
ASV_8738	Unknown	
ASV_8855	Unknown	
ASV_8862	Unknown	
ASV_8882	Unknown	
ASV_9201	Unknown	
ASV_9202	Unknown	
ASV_9335	Unknown	
ASV_9456	Unknown	
ASV_9584	Unknown	
ASV_9895	Unknown	
ASV_10108	Unknown	
ASV_10139	Unknown	
ASV_10244	Unknown	
ASV_10377	Unknown	
ASV_10502	Unknown	
ASV_10523	Unknown	
ASV_10537	Unknown	
ASV_10628	Unknown	
ASV_10644	Unknown	
ASV_10789	Unknown	
ASV_10796	Unknown	
ASV_11042	Unknown	
ASV_11076	Unknown	
ASV_11206	Unknown	
ASV_11455	Unknown	
ASV_11598	Unknown	
ASV_11663	Unknown	
ASV_11809	Unknown	
ASV_11962	Unknown	
ASV_12202	Unknown	
ASV_12717	Unknown	
ASV_12718	Unknown	
ASV_12787	Unknown	
ASV_12867	Unknown	
ASV_12886	Unknown	
ASV_13079	Unknown	
ASV_13092	Unknown	
ASV_13174	Unknown	
ASV_13347	Unknown	
ASV_13555	Unknown	
ASV_13604	Unknown	
ASV_13616	Unknown	
ASV_13738	Unknown	
ASV_13843	Unknown	
ASV_14331	Unknown	
ASV_14555	Unknown	
ASV_14557	Unknown	
ASV_14651	Unknown	
ASV_14872	Unknown	
ASV_15108	Unknown	
ASV_15438	Unknown	
ASV_15603	Unknown	
ASV_15639	Unknown	
ASV_15953	Unknown	
ASV_16041	Unknown	
ASV_16084	Unknown	
ASV_16270	Unknown	
ASV_16271	Unknown	
ASV_16335	Unknown	
ASV_16473	Unknown	
ASV_17413	Unknown	
ASV_17461	Unknown	
ASV_17689	Unknown	
ASV_18228	Unknown	
ASV_18414	Unknown	
ASV_18448	Unknown	
ASV_18754	Unknown	
ASV_18834	Unknown	
ASV_18846	Unknown	
ASV_19207	Unknown	
ASV_19435	Unknown	
ASV_19790	Unknown	
ASV_19838	Unknown	
ASV_20622	Unknown	
ASV_20663	Unknown	
ASV_20807	Unknown	
ASV_20812	Unknown	
ASV_21255	Unknown	
ASV_21367	Unknown	
ASV_21443	Unknown	
ASV_21518	Unknown	
ASV_22124	Unknown	
ASV_22229	Unknown	
ASV_22242	Unknown	
ASV_22920	Unknown	
ASV_23039	Unknown	
ASV_23061	Unknown	
ASV_23180	Unknown	
ASV_23302	Unknown	
ASV_23553	Unknown	
ASV_23756	Unknown	
ASV_23824	Unknown	
ASV_24115	Unknown	
ASV_24278	Unknown	
ASV_24288	Unknown	
ASV_24306	Unknown	
ASV_24438	Unknown	
ASV_24456	Unknown	
ASV_24589	Unknown	
ASV_24734	Unknown	
ASV_25219	Unknown	
ASV_25276	Unknown	
ASV_25387	Unknown	
ASV_25408	Unknown	
ASV_25660	Unknown	
ASV_25723	Unknown	
ASV_26094	Unknown	
ASV_26206	Unknown	
ASV_26322	Unknown	
ASV_26381	Unknown	
ASV_26459	Unknown	
ASV_27076	Unknown	
ASV_27924	Unknown	
ASV_28301	Unknown	
ASV_28592	Unknown	
ASV_29446	Unknown	
ASV_29460	Unknown	
ASV_29502	Unknown	
ASV_29506	Unknown	
ASV_29567	Unknown	
ASV_29582	Unknown	
ASV_29597	Unknown	
ASV_29761	Unknown	
ASV_29792	Unknown	
ASV_29811	Unknown	
ASV_29821	Unknown	
ASV_29961	Unknown	
ASV_30636	Unknown	
ASV_30814	Unknown	
ASV_30961	Unknown	
ASV_31000	Unknown	
ASV_31184	Unknown	
ASV_31256	Unknown	
ASV_32148	Unknown	
ASV_32226	Unknown	
ASV_32257	Unknown	
ASV_32361	Unknown	
ASV_32507	Unknown	
ASV_32524	Unknown	
ASV_32649	Unknown	
ASV_33054	Unknown	
ASV_33085	Unknown	
ASV_33311	Unknown	
ASV_33933	Unknown	
ASV_34256	Unknown	
ASV_34390	Unknown	
ASV_34550	Unknown	
ASV_34746	Unknown	
ASV_34970	Unknown	
ASV_35115	Unknown	
ASV_35643	Unknown	
ASV_36241	Unknown	
ASV_36496	Unknown	
ASV_36558	Unknown	
ASV_36559	Unknown	
ASV_36561	Unknown	
ASV_36694	Unknown	
ASV_36712	Unknown	
ASV_36779	Unknown	
ASV_36892	Unknown	
ASV_37759	Unknown	
ASV_37976	Unknown	
ASV_38043	Unknown	
ASV_38135	Unknown	
ASV_38206	Unknown	
ASV_38348	Unknown	
ASV_38391	Unknown	
ASV_38477	Unknown	
ASV_38495	Unknown	
ASV_38502	Unknown	
ASV_38632	Unknown	
ASV_38824	Unknown	
ASV_38879	Unknown	
ASV_38986	Unknown	
ASV_39116	Unknown	
ASV_39160	Unknown	
ASV_39179	Unknown	
ASV_39942	Unknown	
ASV_40327	Unknown	
ASV_40463	Unknown	
ASV_40480	Unknown	
ASV_40659	Unknown	
ASV_40806	Unknown	
ASV_40815	Unknown	
ASV_41126	Unknown	
ASV_41127	Unknown	
ASV_41130	Unknown	
ASV_41207	Unknown	
ASV_41209	Unknown	
ASV_41685	Unknown	
ASV_41722	Unknown	
ASV_41737	Unknown	
ASV_42495	Unknown	
ASV_42875	Unknown	
ASV_42971	Unknown	
ASV_42998	Unknown	
ASV_43103	Unknown	
ASV_43140	Unknown	
ASV_43215	Unknown	
ASV_43474	Unknown	
ASV_43507	Unknown	
ASV_44264	Unknown	
ASV_44630	Unknown	
ASV_44741	Unknown	
ASV_45541	Unknown	
ASV_46180	Unknown	
ASV_46393	Unknown	
ASV_46658	Unknown	
ASV_46703	Unknown	
ASV_46933	Unknown	
ASV_47187	Unknown	
ASV_47237	Unknown	
ASV_47302	Unknown	
ASV_47314	Unknown	
ASV_47319	Unknown	
ASV_47452	Unknown	
ASV_47913	Unknown	
ASV_47945	Unknown	
ASV_48033	Unknown	
ASV_48224	Unknown	
ASV_48561	Unknown	
ASV_48750	Unknown	
ASV_48894	Unknown	
ASV_49440	Unknown	
ASV_49656	Unknown	
ASV_49659	Unknown	
ASV_50022	Unknown	
ASV_50054	Unknown	
ASV_50176	Unknown	
ASV_50177	Unknown	
ASV_50678	Unknown	
ASV_50859	Unknown	
ASV_51121	Unknown	
ASV_51146	Unknown	
ASV_51268	Unknown	
ASV_51337	Unknown	
ASV_51364	Unknown	
ASV_51365	Unknown	
ASV_51859	Unknown	
ASV_52214	Unknown	
ASV_52723	Unknown	
ASV_52724	Unknown	
ASV_52728	Unknown	
ASV_52855	Unknown	
ASV_53732	Unknown	
ASV_53895	Unknown	
ASV_54072	Unknown	
ASV_54214	Unknown	
ASV_54375	Unknown	
ASV_54396	Unknown	
ASV_54449	Unknown	
ASV_55195	Unknown	
ASV_55242	Unknown	
ASV_55251	Unknown	
ASV_55297	Unknown	
ASV_55589	Unknown	
ASV_56133	Unknown	
ASV_56233	Unknown	
ASV_56342	Unknown	
ASV_56646	Unknown	
ASV_56790	Unknown	
ASV_56968	Unknown	
ASV_57426	Unknown	
ASV_58076	Unknown	
ASV_58530	Unknown	
ASV_58739	Unknown	
ASV_58743	Unknown	
ASV_58754	Unknown	
ASV_58992	Unknown	
ASV_59339	Unknown	
ASV_59340	Unknown	
ASV_59341	Unknown	
ASV_59888	Unknown	
ASV_59994	Unknown	
ASV_60329	Unknown	
ASV_60333	Unknown	
ASV_60377	Unknown	
ASV_60378	Unknown	
ASV_60381	Unknown	
ASV_60387	Unknown	
ASV_60448	Unknown	
ASV_60688	Unknown	
ASV_60698	Unknown	
ASV_60740	Unknown	
ASV_60755	Unknown	
ASV_60777	Unknown	
ASV_60843	Unknown	
ASV_61043	Unknown	
ASV_61072	Unknown	
ASV_61143	Unknown	
ASV_61161	Unknown	